{
  "Logistic Regression": {
    "Accuracy": 0.8683088235294119,
    "Precision": 0.868942661449472,
    "Recall": 0.8683088235294119,
    "F1 Score": 0.8682464447350785
  },
  "Decision Tree": {
    "Accuracy": 0.694359681372549,
    "Precision": 0.6956316726120043,
    "Recall": 0.694359681372549,
    "F1 Score": 0.6938747152804259
  },
  "Random Forest": {
    "Accuracy": 0.8377450980392158,
    "Precision": 0.8384636139147972,
    "Recall": 0.8377450980392158,
    "F1 Score": 0.8376675403855239
  },
  "K Nearest Neighbors": {
    "Accuracy": 0.752313112745098,
    "Precision": 0.7695282162407996,
    "Recall": 0.752313112745098,
    "F1 Score": 0.7477517587030311
  },
  "Multinomial Naive Bayes": {
    "Accuracy": 0.8479350490196078,
    "Precision": 0.8580764177692277,
    "Recall": 0.8479350490196078,
    "F1 Score": 0.8467806189261875
  },
  "Support Vector Machine": {
    "Accuracy": 0.8667401960784314,
    "Precision": 0.8672511244931828,
    "Recall": 0.8667401960784314,
    "F1 Score": 0.8666956835822278
  },
  "Multilayer Perceptron": {
    "Accuracy": 0.8502849264705883,
    "Precision": 0.8524073180570733,
    "Recall": 0.8502849264705883,
    "F1 Score": 0.8500439779799029
  }
}