{
  "Stacking": {
    "Accuracy": 0.878125,
    "Precision": 0.8793252086680512,
    "Recall": 0.878125,
    "F1 Score": 0.8780285186524497
  }
}