{
  "0": {
    "precision": 0.9006622516556292,
    "recall": 0.85,
    "f1-score": 0.8745980707395499,
    "support": 160.0
  },
  "1": {
    "precision": 0.8579881656804734,
    "recall": 0.90625,
    "f1-score": 0.8814589665653495,
    "support": 160.0
  },
  "accuracy": 0.878125,
  "macro avg": {
    "precision": 0.8793252086680513,
    "recall": 0.878125,
    "f1-score": 0.8780285186524497,
    "support": 320.0
  },
  "weighted avg": {
    "precision": 0.8793252086680512,
    "recall": 0.878125,
    "f1-score": 0.8780285186524497,
    "support": 320.0
  }
}